"","AVERAGE_GWC","PERCENTAGE_Snow","Taylor_DEM","slope","aspect"
"AVERAGE_GWC",1,-0.139053687697731,-0.117017642097229,0.0992249473466701,0.0647821145360686
"PERCENTAGE_Snow",-0.139053687697731,1,0.343243373439001,0.283209456827641,-0.32521143868654
"Taylor_DEM",-0.117017642097229,0.343243373439001,1,0.279708269075957,-0.102664261975422
"slope",0.0992249473466701,0.283209456827641,0.279708269075957,1,-0.0780635394284374
"aspect",0.0647821145360686,-0.32521143868654,-0.102664261975422,-0.0780635394284374,1
