"","Average_GCW","Average_snow","Elevation","Slope","Aspect"
"Average_GCW",1,-0.0749921181884111,-0.216014679788609,-0.141047842665117,0.0359900604231883
"Average_snow",-0.0749921181884111,1,0.433980368704045,0.226864897421179,-0.222776669667613
"Elevation",-0.216014679788609,0.433980368704045,1,0.0728879284349489,-0.223103768813375
"Slope",-0.141047842665117,0.226864897421179,0.0728879284349489,1,-0.0421092064573272
"Aspect",0.0359900604231883,-0.222776669667613,-0.223103768813375,-0.0421092064573272,1
