"","tab.name","tab.mean1","tab.mean2","tab.sd1","tab.sd2"
"1","GAM",0.9655,0.809,0.0100829889748361,0.0349380403953437
"2","GBM",0.98025,0.86325,0.00634428877022477,0.0268623032023193
"3","RF",1,0.9985,0,0.000577350269189626
